ref,category,component,vendor,part_number,qty,specs,notes,link
LED,excitation,Excitation LED,Lumileds,LXZ1-PB01,1,"LUXEON Z blue; 470 nm dominant (460-480 nm); 1.3 x 1.7 mm emitter; ~3 V",,https://lumileds.com/products/color-leds/luxeon-z-colors/
F_ex,excitation,Excitation filter,Chroma,ET470/40x,1,"Bandpass 450-490 nm","Diced to 2 x 2 x 0.5 mm",https://www.chroma.com/products/parts/et470-40x
DM,shared,Dichroic beamsplitter,Chroma,T500spxr,1,"Shortpass, ~500 nm edge; transmits 470 nm excitation, reflects 525 nm emission","Diced to 5 x 7 x 1 mm",https://www.chroma.com/products/parts/t500spxr
L1,objective,Molded asphere,Edmund Optics,15-273,1,"Polycarbonate; 8.0 mm dia; EFL 5.9 mm; uncoated","Objective, dichroic side",https://www.edmundoptics.com/search/?criteria=15-273
L2,objective,Plano-convex lens,Edmund Optics,45-226,1,"N-BAF10; 4.0 mm dia; EFL 8.0 mm; MgF2 AR 400-700 nm","Objective, closest to sample",https://www.edmundoptics.com/search/?criteria=45-226
L3,emission,Molded asphere (tube lens),Edmund Optics,14-572,1,"Polycarbonate; 8.0 mm dia; EFL 6.9 mm; uncoated",,https://www.edmundoptics.com/search/?criteria=14-572
M1,emission,Fold mirror,Thorlabs,PFR10-P01,1,"UV fused silica; 25 x 36 x 1 mm stock; protected silver (P01); Ravg > 97% 450 nm - 2 um","Diced to 5 x 7 x 1 mm",https://www.thorlabs.com/thorproduct.cfm?partnumber=PFR10-P01
F_em,emission,Emission filter,Chroma,ET525/50m,1,"Bandpass 500-550 nm","Diced to 5 x 5 x 1 mm",https://www.chroma.com/products/parts/et525-50m
IS,emission,Image sensor,onsemi,NOIP1SN0480A-STI,1,"PYTHON 480 monochrome CMOS; 808 x 608 px; 4.8 um pixel; global shutter",,https://www.onsemi.com/products/sensors/image-sensors/noip1sn0480a
